"","startDateTime","soilTempMean"
"1",2022-01-01 00:00:00,7.00060606060606
"2",2022-01-01 00:30:00,6.99872727272727
"3",2022-01-01 01:00:00,6.99733333333333
"4",2022-01-01 01:30:00,6.99509090909091
"5",2022-01-01 02:00:00,6.99318181818182
"6",2022-01-01 02:30:00,6.99006060606061
"7",2022-01-01 03:00:00,6.98715151515152
"8",2022-01-01 03:30:00,6.98275757575758
"9",2022-01-01 04:00:00,7.40875
"10",2022-01-01 04:30:00,NA
"11",2022-01-01 05:00:00,NA
"12",2022-01-01 05:30:00,NA
"13",2022-01-01 06:00:00,NA
"14",2022-01-01 06:30:00,NA
"15",2022-01-01 07:00:00,NA
"16",2022-01-01 07:30:00,NA
"17",2022-01-01 08:00:00,6.92315151515152
"18",2022-01-01 08:30:00,6.91633333333333
"19",2022-01-01 09:00:00,6.90969696969697
"20",2022-01-01 09:30:00,6.9020303030303
"21",2022-01-01 10:00:00,6.89493939393939
"22",2022-01-01 10:30:00,6.88660606060606
"23",2022-01-01 11:00:00,6.87757575757576
"24",2022-01-01 11:30:00,6.86884848484848
"25",2022-01-01 12:00:00,6.85918181818182
"26",2022-01-01 12:30:00,6.84987878787879
"27",2022-01-01 13:00:00,6.84057575757576
"28",2022-01-01 13:30:00,6.83066666666667
"29",2022-01-01 14:00:00,6.82136363636364
"30",2022-01-01 14:30:00,6.81312121212121
"31",2022-01-01 15:00:00,6.80409090909091
"32",2022-01-01 15:30:00,6.79678787878788
"33",2022-01-01 16:00:00,6.78966666666667
"34",2022-01-01 16:30:00,6.78293939393939
"35",2022-01-01 17:00:00,6.77933333333333
"36",2022-01-01 17:30:00,6.77624242424242
"37",2022-01-01 18:00:00,6.77427272727273
"38",2022-01-01 18:30:00,6.77375757575758
"39",2022-01-01 19:00:00,8.24088888888889
"40",2022-01-01 19:30:00,NA
"41",2022-01-01 20:00:00,6.78190909090909
"42",2022-01-01 20:30:00,6.78548484848485
"43",2022-01-01 21:00:00,NA
"44",2022-01-01 21:30:00,NA
"45",2022-01-01 22:00:00,6.79924242424242
"46",2022-01-01 22:30:00,6.80512121212121
"47",2022-01-01 23:00:00,6.80954545454545
"48",2022-01-01 23:30:00,6.81336363636364
"49",2022-01-02 00:00:00,6.81706060606061
"50",2022-01-02 00:30:00,6.82048484848485
"51",2022-01-02 01:00:00,6.8229696969697
"52",2022-01-02 01:30:00,6.82469696969697
"53",2022-01-02 02:00:00,6.82566666666667
"54",2022-01-02 02:30:00,6.82654545454545
"55",2022-01-02 03:00:00,6.82548484848485
"56",2022-01-02 03:30:00,6.82436363636364
"57",2022-01-02 04:00:00,6.82312121212121
"58",2022-01-02 04:30:00,6.82181818181818
"59",2022-01-02 05:00:00,6.82072727272727
"60",2022-01-02 05:30:00,6.8200303030303
"61",2022-01-02 06:00:00,6.81945454545455
"62",2022-01-02 06:30:00,6.81793939393939
"63",2022-01-02 07:00:00,6.81533333333333
"64",2022-01-02 07:30:00,6.81427272727273
"65",2022-01-02 08:00:00,6.81248484848485
"66",2022-01-02 08:30:00,6.81078787878788
"67",2022-01-02 09:00:00,6.80890909090909
"68",2022-01-02 09:30:00,6.80727272727273
"69",2022-01-02 10:00:00,6.80551515151515
"70",2022-01-02 10:30:00,6.80424242424242
"71",2022-01-02 11:00:00,6.80242424242424
"72",2022-01-02 11:30:00,6.80375757575758
"73",2022-01-02 12:00:00,6.80345454545455
"74",2022-01-02 12:30:00,6.80433333333333
"75",2022-01-02 13:00:00,6.80406060606061
"76",2022-01-02 13:30:00,6.80421212121212
"77",2022-01-02 14:00:00,6.80472727272727
"78",2022-01-02 14:30:00,6.80478787878788
"79",2022-01-02 15:00:00,6.80460606060606
"80",2022-01-02 15:30:00,6.80609090909091
"81",2022-01-02 16:00:00,6.80760606060606
"82",2022-01-02 16:30:00,6.80866666666667
"83",2022-01-02 17:00:00,6.81024242424242
"84",2022-01-02 17:30:00,6.81609090909091
"85",2022-01-02 18:00:00,6.82033333333333
"86",2022-01-02 18:30:00,6.82551515151515
"87",2022-01-02 19:00:00,6.83069696969697
"88",2022-01-02 19:30:00,6.83366666666667
"89",2022-01-02 20:00:00,6.83739393939394
"90",2022-01-02 20:30:00,6.83993939393939
"91",2022-01-02 21:00:00,6.84206060606061
"92",2022-01-02 21:30:00,6.84275757575758
"93",2022-01-02 22:00:00,6.84457575757576
"94",2022-01-02 22:30:00,6.84627272727273
"95",2022-01-02 23:00:00,6.84654545454545
"96",2022-01-02 23:30:00,6.84866666666667
"97",2022-01-03 00:00:00,6.8489696969697
"98",2022-01-03 00:30:00,6.85012121212121
"99",2022-01-03 01:00:00,6.8509696969697
"100",2022-01-03 01:30:00,6.85021212121212
"101",2022-01-03 02:00:00,6.85121212121212
"102",2022-01-03 02:30:00,6.85078787878788
"103",2022-01-03 03:00:00,6.85018181818182
"104",2022-01-03 03:30:00,6.85160606060606
"105",2022-01-03 04:00:00,6.85081818181818
"106",2022-01-03 04:30:00,6.84987878787879
"107",2022-01-03 05:00:00,6.84548484848485
"108",2022-01-03 05:30:00,6.84415151515152
"109",2022-01-03 06:00:00,6.83915151515152
"110",2022-01-03 06:30:00,6.8379696969697
"111",2022-01-03 07:00:00,6.83557575757576
"112",2022-01-03 07:30:00,6.83333333333333
"113",2022-01-03 08:00:00,6.83045454545455
"114",2022-01-03 08:30:00,6.84033333333333
"115",2022-01-03 09:00:00,6.83360606060606
"116",2022-01-03 09:30:00,6.80133333333333
"117",2022-01-03 10:00:00,6.76163636363636
"118",2022-01-03 10:30:00,6.73084848484848
"119",2022-01-03 11:00:00,6.70687878787879
"120",2022-01-03 11:30:00,6.67893939393939
"121",2022-01-03 12:00:00,6.64936363636364
"122",2022-01-03 12:30:00,6.61369696969697
"123",2022-01-03 13:00:00,6.57287878787879
"124",2022-01-03 13:30:00,6.5410303030303
"125",2022-01-03 14:00:00,6.51978787878788
"126",2022-01-03 14:30:00,6.50515151515151
"127",2022-01-03 15:00:00,6.48966666666667
"128",2022-01-03 15:30:00,6.47824242424242
"129",2022-01-03 16:00:00,6.46587878787879
"130",2022-01-03 16:30:00,6.45945454545455
"131",2022-01-03 17:00:00,6.45163636363636
"132",2022-01-03 17:30:00,6.44460606060606
"133",2022-01-03 18:00:00,6.43736363636364
"134",2022-01-03 18:30:00,6.43360606060606
"135",2022-01-03 19:00:00,6.42390909090909
"136",2022-01-03 19:30:00,6.41439393939394
"137",2022-01-03 20:00:00,6.40942424242424
"138",2022-01-03 20:30:00,6.40587878787879
"139",2022-01-03 21:00:00,6.40184848484849
"140",2022-01-03 21:30:00,6.39860606060606
"141",2022-01-03 22:00:00,6.39590909090909
"142",2022-01-03 22:30:00,6.39378787878788
"143",2022-01-03 23:00:00,6.39257575757576
"144",2022-01-03 23:30:00,6.39272727272727
"145",2022-01-04 00:00:00,6.39075757575758
"146",2022-01-04 00:30:00,6.38872727272727
"147",2022-01-04 01:00:00,6.38572727272727
"148",2022-01-04 01:30:00,6.35009090909091
"149",2022-01-04 02:00:00,6.32621212121212
"150",2022-01-04 02:30:00,6.32633333333333
"151",2022-01-04 03:00:00,6.32509090909091
"152",2022-01-04 03:30:00,6.32224242424242
"153",2022-01-04 04:00:00,6.32251515151515
"154",2022-01-04 04:30:00,6.32048484848485
"155",2022-01-04 05:00:00,6.31981818181818
"156",2022-01-04 05:30:00,6.31993939393939
"157",2022-01-04 06:00:00,6.32075757575758
"158",2022-01-04 06:30:00,6.32154545454546
"159",2022-01-04 07:00:00,6.32145454545455
"160",2022-01-04 07:30:00,6.32112121212121
"161",2022-01-04 08:00:00,6.32112121212121
"162",2022-01-04 08:30:00,6.32036363636364
"163",2022-01-04 09:00:00,6.31742424242424
"164",2022-01-04 09:30:00,6.3159696969697
"165",2022-01-04 10:00:00,6.31275757575758
"166",2022-01-04 10:30:00,6.30981818181818
"167",2022-01-04 11:00:00,6.30648484848485
"168",2022-01-04 11:30:00,6.30342424242424
"169",2022-01-04 12:00:00,6.30248484848485
"170",2022-01-04 12:30:00,6.30093939393939
"171",2022-01-04 13:00:00,6.2999696969697
"172",2022-01-04 13:30:00,6.29851515151515
"173",2022-01-04 14:00:00,6.29536363636364
"174",2022-01-04 14:30:00,6.29384848484848
"175",2022-01-04 15:00:00,6.29027272727273
"176",2022-01-04 15:30:00,6.28772727272727
"177",2022-01-04 16:00:00,6.28472727272727
"178",2022-01-04 16:30:00,6.28187878787879
"179",2022-01-04 17:00:00,6.28106060606061
"180",2022-01-04 17:30:00,6.282
"181",2022-01-04 18:00:00,6.28124242424242
"182",2022-01-04 18:30:00,6.27987878787879
"183",2022-01-04 19:00:00,6.27863636363636
"184",2022-01-04 19:30:00,6.27660606060606
"185",2022-01-04 20:00:00,6.27590909090909
"186",2022-01-04 20:30:00,6.27548484848485
"187",2022-01-04 21:00:00,6.27348484848485
"188",2022-01-04 21:30:00,6.27275757575758
"189",2022-01-04 22:00:00,6.27060606060606
"190",2022-01-04 22:30:00,6.26742424242424
"191",2022-01-04 23:00:00,6.26490909090909
"192",2022-01-04 23:30:00,6.26227272727273
"193",2022-01-05 00:00:00,6.25951515151515
"194",2022-01-05 00:30:00,6.25772727272727
"195",2022-01-05 01:00:00,6.25524242424242
"196",2022-01-05 01:30:00,6.25209090909091
"197",2022-01-05 02:00:00,6.24787878787879
"198",2022-01-05 02:30:00,6.24393939393939
"199",2022-01-05 03:00:00,6.23948484848485
"200",2022-01-05 03:30:00,6.23275757575758
"201",2022-01-05 04:00:00,6.22636363636364
"202",2022-01-05 04:30:00,6.22157575757576
"203",2022-01-05 05:00:00,6.21406060606061
"204",2022-01-05 05:30:00,6.20454545454546
"205",2022-01-05 06:00:00,6.19342424242424
"206",2022-01-05 06:30:00,6.18369696969697
"207",2022-01-05 07:00:00,6.17512121212121
"208",2022-01-05 07:30:00,6.16618181818182
"209",2022-01-05 08:00:00,6.15715151515152
"210",2022-01-05 08:30:00,6.14584848484848
"211",2022-01-05 09:00:00,6.13648484848485
"212",2022-01-05 09:30:00,6.13642424242424
"213",2022-01-05 10:00:00,6.13127272727273
"214",2022-01-05 10:30:00,6.12484848484848
"215",2022-01-05 11:00:00,6.11951515151515
"216",2022-01-05 11:30:00,6.11524242424242
"217",2022-01-05 12:00:00,6.1149696969697
"218",2022-01-05 12:30:00,6.11221212121212
"219",2022-01-05 13:00:00,6.11212121212121
"220",2022-01-05 13:30:00,6.11218181818182
"221",2022-01-05 14:00:00,6.10978787878788
"222",2022-01-05 14:30:00,6.10687878787879
"223",2022-01-05 15:00:00,6.11048484848485
"224",2022-01-05 15:30:00,6.11087878787879
"225",2022-01-05 16:00:00,6.11033333333333
"226",2022-01-05 16:30:00,6.10866666666667
"227",2022-01-05 17:00:00,6.10890909090909
"228",2022-01-05 17:30:00,6.10890909090909
"229",2022-01-05 18:00:00,6.10927272727273
"230",2022-01-05 18:30:00,6.11154545454545
"231",2022-01-05 19:00:00,6.11136363636364
"232",2022-01-05 19:30:00,6.11218181818182
"233",2022-01-05 20:00:00,6.11157575757576
"234",2022-01-05 20:30:00,6.10939393939394
"235",2022-01-05 21:00:00,6.10836363636364
"236",2022-01-05 21:30:00,6.10827272727273
"237",2022-01-05 22:00:00,6.1030303030303
"238",2022-01-05 22:30:00,6.09851515151515
"239",2022-01-05 23:00:00,6.09133333333333
"240",2022-01-05 23:30:00,6.08806060606061
"241",2022-01-06 00:00:00,6.08454545454545
"242",2022-01-06 00:30:00,6.08027272727273
"243",2022-01-06 01:00:00,6.07351515151515
"244",2022-01-06 01:30:00,6.067
"245",2022-01-06 02:00:00,6.05851515151515
"246",2022-01-06 02:30:00,6.04930303030303
"247",2022-01-06 03:00:00,6.03809090909091
"248",2022-01-06 03:30:00,6.02430303030303
"249",2022-01-06 04:00:00,6.00818181818182
"250",2022-01-06 04:30:00,5.99266666666667
"251",2022-01-06 05:00:00,5.9789696969697
"252",2022-01-06 05:30:00,5.96566666666667
"253",2022-01-06 06:00:00,5.94924242424242
"254",2022-01-06 06:30:00,5.93590909090909
"255",2022-01-06 07:00:00,5.93093939393939
"256",2022-01-06 07:30:00,5.92715151515152
"257",2022-01-06 08:00:00,5.92160606060606
"258",2022-01-06 08:30:00,5.91660606060606
"259",2022-01-06 09:00:00,5.91375757575758
"260",2022-01-06 09:30:00,5.90954545454545
"261",2022-01-06 10:00:00,5.90563636363636
"262",2022-01-06 10:30:00,5.90357575757576
"263",2022-01-06 11:00:00,5.90245454545455
"264",2022-01-06 11:30:00,5.8889696969697
"265",2022-01-06 12:00:00,5.83357575757576
"266",2022-01-06 12:30:00,5.7740303030303
"267",2022-01-06 13:00:00,5.72887878787879
"268",2022-01-06 13:30:00,5.68427272727273
"269",2022-01-06 14:00:00,5.63330303030303
"270",2022-01-06 14:30:00,5.5980303030303
"271",2022-01-06 15:00:00,5.57930303030303
"272",2022-01-06 15:30:00,5.56969696969697
"273",2022-01-06 16:00:00,5.57078787878788
"274",2022-01-06 16:30:00,5.57848484848485
"275",2022-01-06 17:00:00,5.58260606060606
"276",2022-01-06 17:30:00,5.5870303030303
"277",2022-01-06 18:00:00,5.60227272727273
"278",2022-01-06 18:30:00,5.61836363636364
"279",2022-01-06 19:00:00,5.63342424242424
"280",2022-01-06 19:30:00,5.64872727272727
"281",2022-01-06 20:00:00,5.65466666666667
"282",2022-01-06 20:30:00,5.66306060606061
"283",2022-01-06 21:00:00,5.67184848484848
"284",2022-01-06 21:30:00,5.68421212121212
"285",2022-01-06 22:00:00,5.70172727272727
"286",2022-01-06 22:30:00,5.72215151515152
"287",2022-01-06 23:00:00,5.74315151515152
"288",2022-01-06 23:30:00,5.75557575757576
"289",2022-01-07 00:00:00,5.76257575757576
"290",2022-01-07 00:30:00,5.76984848484848
"291",2022-01-07 01:00:00,5.77760606060606
"292",2022-01-07 01:30:00,5.78981818181818
"293",2022-01-07 02:00:00,5.80542424242424
"294",2022-01-07 02:30:00,5.8200303030303
"295",2022-01-07 03:00:00,5.83348484848485
"296",2022-01-07 03:30:00,5.84681818181818
"297",2022-01-07 04:00:00,5.86609090909091
"298",2022-01-07 04:30:00,5.88421212121212
"299",2022-01-07 05:00:00,5.90224242424242
"300",2022-01-07 05:30:00,5.92042424242424
"301",2022-01-07 06:00:00,5.92893939393939
"302",2022-01-07 06:30:00,5.93024242424242
"303",2022-01-07 07:00:00,5.93839393939394
"304",2022-01-07 07:30:00,5.95212121212121
"305",2022-01-07 08:00:00,5.97051515151515
"306",2022-01-07 08:30:00,5.99987878787879
"307",2022-01-07 09:00:00,6.03712121212121
"308",2022-01-07 09:30:00,6.06209090909091
"309",2022-01-07 10:00:00,6.08754545454546
"310",2022-01-07 10:30:00,6.11490909090909
"311",2022-01-07 11:00:00,6.13836363636364
"312",2022-01-07 11:30:00,6.15963636363636
"313",2022-01-07 12:00:00,6.1820303030303
"314",2022-01-07 12:30:00,6.2069696969697
"315",2022-01-07 13:00:00,6.24093939393939
"316",2022-01-07 13:30:00,6.26378787878788
"317",2022-01-07 14:00:00,6.28354545454545
"318",2022-01-07 14:30:00,6.306
"319",2022-01-07 15:00:00,6.32709090909091
"320",2022-01-07 15:30:00,6.34518181818182
"321",2022-01-07 16:00:00,6.37154545454545
"322",2022-01-07 16:30:00,6.39648484848485
"323",2022-01-07 17:00:00,6.40915151515151
"324",2022-01-07 17:30:00,6.40242424242424
"325",2022-01-07 18:00:00,6.39342424242424
"326",2022-01-07 18:30:00,6.38354545454545
"327",2022-01-07 19:00:00,6.37284848484848
"328",2022-01-07 19:30:00,6.35948484848485
"329",2022-01-07 20:00:00,6.32539393939394
"330",2022-01-07 20:30:00,6.24784848484849
"331",2022-01-07 21:00:00,6.17381818181818
"332",2022-01-07 21:30:00,6.14915151515152
"333",2022-01-07 22:00:00,6.14721212121212
"334",2022-01-07 22:30:00,6.15878787878788
"335",2022-01-07 23:00:00,6.16906060606061
"336",2022-01-07 23:30:00,6.17018181818182
"337",2022-01-08 00:00:00,6.16227272727273
"338",2022-01-08 00:30:00,6.14966666666667
"339",2022-01-08 01:00:00,6.13606060606061
"340",2022-01-08 01:30:00,6.12515151515152
"341",2022-01-08 02:00:00,6.11527272727273
"342",2022-01-08 02:30:00,6.1039696969697
"343",2022-01-08 03:00:00,6.09457575757576
"344",2022-01-08 03:30:00,6.08257575757576
"345",2022-01-08 04:00:00,6.07012121212121
"346",2022-01-08 04:30:00,6.06351515151515
"347",2022-01-08 05:00:00,6.06390909090909
"348",2022-01-08 05:30:00,6.06660606060606
"349",2022-01-08 06:00:00,6.07166666666667
"350",2022-01-08 06:30:00,6.07809090909091
"351",2022-01-08 07:00:00,6.08484848484848
"352",2022-01-08 07:30:00,6.09209090909091
"353",2022-01-08 08:00:00,6.09960606060606
"354",2022-01-08 08:30:00,6.10666666666667
"355",2022-01-08 09:00:00,6.11484848484849
"356",2022-01-08 09:30:00,6.12660606060606
"357",2022-01-08 10:00:00,6.14112121212121
"358",2022-01-08 10:30:00,6.15572727272727
"359",2022-01-08 11:00:00,6.16975757575758
"360",2022-01-08 11:30:00,6.18233333333333
"361",2022-01-08 12:00:00,6.19493939393939
"362",2022-01-08 12:30:00,6.21236363636364
"363",2022-01-08 13:00:00,6.23424242424242
"364",2022-01-08 13:30:00,6.24724242424242
"365",2022-01-08 14:00:00,6.26006060606061
"366",2022-01-08 14:30:00,6.27590909090909
"367",2022-01-08 15:00:00,6.28487878787879
"368",2022-01-08 15:30:00,6.29118181818182
"369",2022-01-08 16:00:00,6.29615151515152
"370",2022-01-08 16:30:00,6.30136363636364
"371",2022-01-08 17:00:00,6.30306060606061
"372",2022-01-08 17:30:00,6.3010303030303
"373",2022-01-08 18:00:00,6.30912121212121
"374",2022-01-08 18:30:00,6.32375757575758
"375",2022-01-08 19:00:00,6.34875757575758
"376",2022-01-08 19:30:00,6.37627272727273
"377",2022-01-08 20:00:00,6.40063636363636
"378",2022-01-08 20:30:00,6.42069696969697
"379",2022-01-08 21:00:00,6.44566666666667
"380",2022-01-08 21:30:00,6.47109090909091
"381",2022-01-08 22:00:00,6.49151515151515
"382",2022-01-08 22:30:00,6.508
"383",2022-01-08 23:00:00,6.51987878787879
"384",2022-01-08 23:30:00,6.52739393939394
"385",2022-01-09 00:00:00,6.52278787878788
"386",2022-01-09 00:30:00,6.50324242424242
"387",2022-01-09 01:00:00,6.47466666666667
"388",2022-01-09 01:30:00,6.43872727272727
"389",2022-01-09 02:00:00,6.39978787878788
"390",2022-01-09 02:30:00,6.36024242424242
"391",2022-01-09 03:00:00,6.32590909090909
"392",2022-01-09 03:30:00,6.29833333333333
"393",2022-01-09 04:00:00,6.27484848484848
"394",2022-01-09 04:30:00,6.25330303030303
"395",2022-01-09 05:00:00,6.2319696969697
"396",2022-01-09 05:30:00,6.21230303030303
"397",2022-01-09 06:00:00,6.19448484848485
"398",2022-01-09 06:30:00,6.17978787878788
"399",2022-01-09 07:00:00,6.16545454545455
"400",2022-01-09 07:30:00,6.15160606060606
"401",2022-01-09 08:00:00,6.13784848484848
"402",2022-01-09 08:30:00,6.12466666666667
"403",2022-01-09 09:00:00,6.11066666666667
"404",2022-01-09 09:30:00,6.09542424242424
"405",2022-01-09 10:00:00,6.08178787878788
"406",2022-01-09 10:30:00,6.06957575757576
"407",2022-01-09 11:00:00,6.05842424242424
"408",2022-01-09 11:30:00,6.048
"409",2022-01-09 12:00:00,6.03724242424242
"410",2022-01-09 12:30:00,6.02657575757576
"411",2022-01-09 13:00:00,6.01654545454545
"412",2022-01-09 13:30:00,6.00812121212121
"413",2022-01-09 14:00:00,5.99945454545455
"414",2022-01-09 14:30:00,5.99072727272727
"415",2022-01-09 15:00:00,5.98293939393939
"416",2022-01-09 15:30:00,5.97606060606061
"417",2022-01-09 16:00:00,5.96851515151515
"418",2022-01-09 16:30:00,5.9620303030303
"419",2022-01-09 17:00:00,5.95857575757576
"420",2022-01-09 17:30:00,5.95866666666667
"421",2022-01-09 18:00:00,5.962
"422",2022-01-09 18:30:00,5.96666666666667
"423",2022-01-09 19:00:00,5.97387878787879
"424",2022-01-09 19:30:00,5.99006060606061
"425",2022-01-09 20:00:00,6.02
"426",2022-01-09 20:30:00,6.06463636363636
"427",2022-01-09 21:00:00,6.11378787878788
"428",2022-01-09 21:30:00,6.16590909090909
"429",2022-01-09 22:00:00,6.21763636363636
"430",2022-01-09 22:30:00,6.26484848484848
"431",2022-01-09 23:00:00,6.30266666666667
"432",2022-01-09 23:30:00,6.33087878787879
"433",2022-01-10 00:00:00,6.34733333333333
"434",2022-01-10 00:30:00,6.35248484848485
"435",2022-01-10 01:00:00,6.34633333333333
"436",2022-01-10 01:30:00,6.33172727272727
"437",2022-01-10 02:00:00,6.31984848484849
"438",2022-01-10 02:30:00,6.31463636363636
"439",2022-01-10 03:00:00,6.30454545454545
"440",2022-01-10 03:30:00,6.29618181818182
"441",2022-01-10 04:00:00,6.28854545454545
"442",2022-01-10 04:30:00,6.28290909090909
"443",2022-01-10 05:00:00,6.27406060606061
"444",2022-01-10 05:30:00,6.26124242424242
"445",2022-01-10 06:00:00,6.24587878787879
"446",2022-01-10 06:30:00,6.23045454545455
"447",2022-01-10 07:00:00,6.21263636363636
"448",2022-01-10 07:30:00,6.19084848484848
"449",2022-01-10 08:00:00,6.16845454545455
"450",2022-01-10 08:30:00,6.14821212121212
"451",2022-01-10 09:00:00,6.13072727272727
"452",2022-01-10 09:30:00,6.11572727272727
"453",2022-01-10 10:00:00,6.10336363636364
"454",2022-01-10 10:30:00,6.09263636363636
"455",2022-01-10 11:00:00,6.08490909090909
"456",2022-01-10 11:30:00,6.07881818181818
"457",2022-01-10 12:00:00,6.07357575757576
"458",2022-01-10 12:30:00,6.07157575757576
"459",2022-01-10 13:00:00,6.07163636363636
"460",2022-01-10 13:30:00,6.07227272727273
"461",2022-01-10 14:00:00,6.07412121212121
"462",2022-01-10 14:30:00,6.07554545454545
"463",2022-01-10 15:00:00,6.07718181818182
"464",2022-01-10 15:30:00,6.08012121212121
"465",2022-01-10 16:00:00,6.08612121212121
"466",2022-01-10 16:30:00,6.09218181818182
"467",2022-01-10 17:00:00,6.09760606060606
"468",2022-01-10 17:30:00,6.10381818181818
"469",2022-01-10 18:00:00,6.11406060606061
"470",2022-01-10 18:30:00,6.13127272727273
"471",2022-01-10 19:00:00,6.15872727272727
"472",2022-01-10 19:30:00,6.20884848484848
"473",2022-01-10 20:00:00,6.25848484848485
"474",2022-01-10 20:30:00,6.3180303030303
"475",2022-01-10 21:00:00,6.38063636363636
"476",2022-01-10 21:30:00,6.43809090909091
"477",2022-01-10 22:00:00,6.48624242424242
"478",2022-01-10 22:30:00,6.52639393939394
"479",2022-01-10 23:00:00,6.56175757575758
"480",2022-01-10 23:30:00,6.59260606060606
"481",2022-01-11 00:00:00,6.61584848484848
"482",2022-01-11 00:30:00,6.63233333333333
"483",2022-01-11 01:00:00,6.64339393939394
"484",2022-01-11 01:30:00,6.64963636363636
"485",2022-01-11 02:00:00,6.65166666666667
"486",2022-01-11 02:30:00,6.6540303030303
"487",2022-01-11 03:00:00,6.65651515151515
"488",2022-01-11 03:30:00,6.65809090909091
"489",2022-01-11 04:00:00,6.65945454545455
"490",2022-01-11 04:30:00,6.65684848484849
"491",2022-01-11 05:00:00,6.65375757575758
"492",2022-01-11 05:30:00,6.6560303030303
"493",2022-01-11 06:00:00,6.65969696969697
"494",2022-01-11 06:30:00,6.66615151515152
"495",2022-01-11 07:00:00,6.675
"496",2022-01-11 07:30:00,6.68930303030303
"497",2022-01-11 08:00:00,6.70875757575758
"498",2022-01-11 08:30:00,6.7300303030303
"499",2022-01-11 09:00:00,6.74684848484848
"500",2022-01-11 09:30:00,6.75648484848485
"501",2022-01-11 10:00:00,6.76709090909091
"502",2022-01-11 10:30:00,6.78857575757576
"503",2022-01-11 11:00:00,6.81909090909091
"504",2022-01-11 11:30:00,6.85063636363636
"505",2022-01-11 12:00:00,6.879
"506",2022-01-11 12:30:00,6.91163636363636
"507",2022-01-11 13:00:00,6.94521212121212
"508",2022-01-11 13:30:00,6.97169696969697
"509",2022-01-11 14:00:00,6.99015151515152
"510",2022-01-11 14:30:00,7.00512121212121
"511",2022-01-11 15:00:00,7.02330303030303
"512",2022-01-11 15:30:00,7.04766666666667
"513",2022-01-11 16:00:00,7.07609090909091
"514",2022-01-11 16:30:00,7.10990909090909
"515",2022-01-11 17:00:00,7.14442424242424
"516",2022-01-11 17:30:00,7.17775757575758
"517",2022-01-11 18:00:00,7.21045454545455
"518",2022-01-11 18:30:00,7.24187878787879
"519",2022-01-11 19:00:00,7.2700303030303
"520",2022-01-11 19:30:00,7.301
"521",2022-01-11 20:00:00,7.32960606060606
"522",2022-01-11 20:30:00,7.35372727272727
"523",2022-01-11 21:00:00,7.37433333333333
"524",2022-01-11 21:30:00,7.39212121212121
"525",2022-01-11 22:00:00,7.40378787878788
"526",2022-01-11 22:30:00,7.4120303030303
"527",2022-01-11 23:00:00,7.42118181818182
"528",2022-01-11 23:30:00,7.43369696969697
"529",2022-01-12 00:00:00,7.44815151515152
"530",2022-01-12 00:30:00,7.46309090909091
"531",2022-01-12 01:00:00,7.47954545454545
"532",2022-01-12 01:30:00,7.49666666666667
"533",2022-01-12 02:00:00,7.5130303030303
"534",2022-01-12 02:30:00,7.53072727272727
"535",2022-01-12 03:00:00,7.54818181818182
"536",2022-01-12 03:30:00,7.56439393939394
"537",2022-01-12 04:00:00,7.57787878787879
"538",2022-01-12 04:30:00,7.58842424242424
"539",2022-01-12 05:00:00,7.59766666666667
"540",2022-01-12 05:30:00,7.60624242424242
"541",2022-01-12 06:00:00,7.61448484848485
"542",2022-01-12 06:30:00,7.623
"543",2022-01-12 07:00:00,7.63133333333333
"544",2022-01-12 07:30:00,7.63863636363636
"545",2022-01-12 08:00:00,7.65072727272727
"546",2022-01-12 08:30:00,7.66127272727273
"547",2022-01-12 09:00:00,7.67006060606061
"548",2022-01-12 09:30:00,7.67736363636364
"549",2022-01-12 10:00:00,7.68442424242424
"550",2022-01-12 10:30:00,7.69036363636364
"551",2022-01-12 11:00:00,7.69590909090909
"552",2022-01-12 11:30:00,7.70236363636364
"553",2022-01-12 12:00:00,7.71027272727273
"554",2022-01-12 12:30:00,7.7200303030303
"555",2022-01-12 13:00:00,7.73184848484849
"556",2022-01-12 13:30:00,7.74418181818182
"557",2022-01-12 14:00:00,7.75572727272727
"558",2022-01-12 14:30:00,7.76609090909091
"559",2022-01-12 15:00:00,7.77090909090909
"560",2022-01-12 15:30:00,7.77581818181818
"561",2022-01-12 16:00:00,7.77918181818182
"562",2022-01-12 16:30:00,7.82406060606061
"563",2022-01-12 17:00:00,7.90284848484848
"564",2022-01-12 17:30:00,7.89787878787879
"565",2022-01-12 18:00:00,7.89730303030303
"566",2022-01-12 18:30:00,7.93863636363636
"567",2022-01-12 19:00:00,7.97118181818182
"568",2022-01-12 19:30:00,8.0110303030303
"569",2022-01-12 20:00:00,8.05375757575758
"570",2022-01-12 20:30:00,8.10584848484848
"571",2022-01-12 21:00:00,8.1510303030303
"572",2022-01-12 21:30:00,8.19472727272727
"573",2022-01-12 22:00:00,8.22169696969697
"574",2022-01-12 22:30:00,8.24442424242424
"575",2022-01-12 23:00:00,8.27051515151515
"576",2022-01-12 23:30:00,8.28781818181818
"577",2022-01-13 00:00:00,8.2819696969697
"578",2022-01-13 00:30:00,8.259
"579",2022-01-13 01:00:00,8.20978787878788
"580",2022-01-13 01:30:00,8.16339393939394
"581",2022-01-13 02:00:00,8.09969696969697
"582",2022-01-13 02:30:00,8.04675757575758
"583",2022-01-13 03:00:00,7.99060606060606
"584",2022-01-13 03:30:00,7.94675757575758
"585",2022-01-13 04:00:00,7.88712121212121
"586",2022-01-13 04:30:00,7.83539393939394
"587",2022-01-13 05:00:00,7.80021212121212
"588",2022-01-13 05:30:00,7.75912121212121
"589",2022-01-13 06:00:00,7.71542424242424
"590",2022-01-13 06:30:00,7.66812121212121
"591",2022-01-13 07:00:00,7.63460606060606
"592",2022-01-13 07:30:00,7.61472727272727
"593",2022-01-13 08:00:00,7.60239393939394
"594",2022-01-13 08:30:00,7.57336363636364
"595",2022-01-13 09:00:00,7.57106060606061
"596",2022-01-13 09:30:00,7.58142424242424
"597",2022-01-13 10:00:00,7.6040303030303
"598",2022-01-13 10:30:00,7.62787878787879
"599",2022-01-13 11:00:00,7.66209090909091
"600",2022-01-13 11:30:00,7.67784848484848
"601",2022-01-13 12:00:00,7.68363636363636
"602",2022-01-13 12:30:00,7.69260606060606
"603",2022-01-13 13:00:00,7.72836363636364
"604",2022-01-13 13:30:00,7.76330303030303
"605",2022-01-13 14:00:00,7.79190909090909
"606",2022-01-13 14:30:00,7.81421212121212
"607",2022-01-13 15:00:00,7.83230303030303
"608",2022-01-13 15:30:00,7.84954545454545
"609",2022-01-13 16:00:00,7.86136363636364
"610",2022-01-13 16:30:00,7.87172727272727
"611",2022-01-13 17:00:00,7.88436363636364
"612",2022-01-13 17:30:00,7.89581818181818
"613",2022-01-13 18:00:00,7.90406060606061
"614",2022-01-13 18:30:00,7.92084848484848
"615",2022-01-13 19:00:00,7.93421212121212
"616",2022-01-13 19:30:00,7.94524242424242
"617",2022-01-13 20:00:00,7.96036363636364
"618",2022-01-13 20:30:00,7.97775757575758
"619",2022-01-13 21:00:00,8.00406060606061
"620",2022-01-13 21:30:00,8.01890909090909
"621",2022-01-13 22:00:00,8.03912121212121
"622",2022-01-13 22:30:00,8.05663636363636
"623",2022-01-13 23:00:00,8.066
"624",2022-01-13 23:30:00,8.07409090909091
"625",2022-01-14 00:00:00,8.08021212121212
"626",2022-01-14 00:30:00,8.08033333333333
"627",2022-01-14 01:00:00,8.08384848484848
"628",2022-01-14 01:30:00,8.08472727272727
"629",2022-01-14 02:00:00,8.07615151515152
"630",2022-01-14 02:30:00,8.07221212121212
"631",2022-01-14 03:00:00,8.07024242424242
"632",2022-01-14 03:30:00,8.07139393939394
"633",2022-01-14 04:00:00,8.07866666666667
"634",2022-01-14 04:30:00,8.07330303030303
"635",2022-01-14 05:00:00,8.06781818181818
"636",2022-01-14 05:30:00,8.05790909090909
"637",2022-01-14 06:00:00,8.05230303030303
"638",2022-01-14 06:30:00,8.05360606060606
"639",2022-01-14 07:00:00,8.0469696969697
"640",2022-01-14 07:30:00,8.05906060606061
"641",2022-01-14 08:00:00,8.06187878787879
"642",2022-01-14 08:30:00,8.06418181818182
"643",2022-01-14 09:00:00,8.06012121212121
"644",2022-01-14 09:30:00,8.05745454545455
"645",2022-01-14 10:00:00,8.05645454545455
"646",2022-01-14 10:30:00,8.0560303030303
"647",2022-01-14 11:00:00,8.05363636363636
"648",2022-01-14 11:30:00,8.04224242424242
"649",2022-01-14 12:00:00,8.02590909090909
"650",2022-01-14 12:30:00,7.99615151515152
"651",2022-01-14 13:00:00,7.96924242424242
"652",2022-01-14 13:30:00,7.94672727272727
"653",2022-01-14 14:00:00,7.92954545454545
"654",2022-01-14 14:30:00,7.91151515151515
"655",2022-01-14 15:00:00,7.88151515151515
"656",2022-01-14 15:30:00,7.84690909090909
"657",2022-01-14 16:00:00,7.81521212121212
"658",2022-01-14 16:30:00,7.79209090909091
"659",2022-01-14 17:00:00,7.78090909090909
"660",2022-01-14 17:30:00,7.78178787878788
"661",2022-01-14 18:00:00,7.79506060606061
"662",2022-01-14 18:30:00,7.82524242424242
"663",2022-01-14 19:00:00,7.86706060606061
"664",2022-01-14 19:30:00,7.91333333333333
"665",2022-01-14 20:00:00,7.9599696969697
"666",2022-01-14 20:30:00,8.00627272727273
"667",2022-01-14 21:00:00,8.04630303030303
"668",2022-01-14 21:30:00,8.08124242424242
"669",2022-01-14 22:00:00,8.11215151515152
"670",2022-01-14 22:30:00,8.13566666666667
"671",2022-01-14 23:00:00,8.16133333333333
"672",2022-01-14 23:30:00,8.17942424242424
"673",2022-01-15 00:00:00,8.19012121212121
"674",2022-01-15 00:30:00,8.19506060606061
"675",2022-01-15 01:00:00,8.17639393939394
"676",2022-01-15 01:30:00,8.14315151515152
"677",2022-01-15 02:00:00,8.10545454545455
"678",2022-01-15 02:30:00,8.06306060606061
"679",2022-01-15 03:00:00,8.0200303030303
"680",2022-01-15 03:30:00,7.9779696969697
"681",2022-01-15 04:00:00,7.93378787878788
"682",2022-01-15 04:30:00,7.89890909090909
"683",2022-01-15 05:00:00,7.86639393939394
"684",2022-01-15 05:30:00,7.83745454545455
"685",2022-01-15 06:00:00,7.80645454545455
"686",2022-01-15 06:30:00,7.77142424242424
"687",2022-01-15 07:00:00,7.74130303030303
"688",2022-01-15 07:30:00,7.71587878787879
"689",2022-01-15 08:00:00,7.68642424242424
"690",2022-01-15 08:30:00,7.65769696969697
"691",2022-01-15 09:00:00,7.63190909090909
"692",2022-01-15 09:30:00,7.6060303030303
"693",2022-01-15 10:00:00,7.57851515151515
"694",2022-01-15 10:30:00,7.548
"695",2022-01-15 11:00:00,7.52018181818182
"696",2022-01-15 11:30:00,7.49109090909091
"697",2022-01-15 12:00:00,7.46233333333333
"698",2022-01-15 12:30:00,7.43930303030303
"699",2022-01-15 13:00:00,7.41678787878788
"700",2022-01-15 13:30:00,7.39766666666667
"701",2022-01-15 14:00:00,7.3800303030303
"702",2022-01-15 14:30:00,7.36272727272727
"703",2022-01-15 15:00:00,7.34606060606061
"704",2022-01-15 15:30:00,7.32812121212121
"705",2022-01-15 16:00:00,7.3110303030303
"706",2022-01-15 16:30:00,7.29963636363636
"707",2022-01-15 17:00:00,7.28621212121212
"708",2022-01-15 17:30:00,7.2819696969697
"709",2022-01-15 18:00:00,7.28290909090909
"710",2022-01-15 18:30:00,7.3039696969697
"711",2022-01-15 19:00:00,7.32675757575758
"712",2022-01-15 19:30:00,7.35654545454545
"713",2022-01-15 20:00:00,7.40142424242424
"714",2022-01-15 20:30:00,7.45427272727273
"715",2022-01-15 21:00:00,7.51412121212121
"716",2022-01-15 21:30:00,7.56954545454545
"717",2022-01-15 22:00:00,7.61369696969697
"718",2022-01-15 22:30:00,7.64184848484848
"719",2022-01-15 23:00:00,7.65936363636364
"720",2022-01-15 23:30:00,7.66906060606061
"721",2022-01-16 00:00:00,7.67827272727273
"722",2022-01-16 00:30:00,7.68130303030303
"723",2022-01-16 01:00:00,7.67781818181818
"724",2022-01-16 01:30:00,7.66151515151515
"725",2022-01-16 02:00:00,7.6389696969697
"726",2022-01-16 02:30:00,7.61360606060606
"727",2022-01-16 03:00:00,7.58363636363636
"728",2022-01-16 03:30:00,7.55654545454545
"729",2022-01-16 04:00:00,7.53051515151515
"730",2022-01-16 04:30:00,7.50663636363636
"731",2022-01-16 05:00:00,7.48678787878788
"732",2022-01-16 05:30:00,7.46693939393939
"733",2022-01-16 06:00:00,7.44524242424242
"734",2022-01-16 06:30:00,7.42530303030303
"735",2022-01-16 07:00:00,7.40381818181818
"736",2022-01-16 07:30:00,7.38145454545455
"737",2022-01-16 08:00:00,7.35993939393939
"738",2022-01-16 08:30:00,7.33851515151515
"739",2022-01-16 09:00:00,7.31590909090909
"740",2022-01-16 09:30:00,7.29793939393939
"741",2022-01-16 10:00:00,7.2839696969697
"742",2022-01-16 10:30:00,7.27457575757576
"743",2022-01-16 11:00:00,7.25548484848485
"744",2022-01-16 11:30:00,7.23727272727273
"745",2022-01-16 12:00:00,7.2410303030303
"746",2022-01-16 12:30:00,7.24481818181818
"747",2022-01-16 13:00:00,7.23318181818182
"748",2022-01-16 13:30:00,7.22481818181818
"749",2022-01-16 14:00:00,7.21451515151515
"750",2022-01-16 14:30:00,7.20636363636364
"751",2022-01-16 15:00:00,7.19624242424242
"752",2022-01-16 15:30:00,7.18433333333333
"753",2022-01-16 16:00:00,7.18648484848485
"754",2022-01-16 16:30:00,7.1810303030303
"755",2022-01-16 17:00:00,7.18448484848485
"756",2022-01-16 17:30:00,7.19321212121212
"757",2022-01-16 18:00:00,7.20490909090909
"758",2022-01-16 18:30:00,7.23906060606061
"759",2022-01-16 19:00:00,7.30357575757576
"760",2022-01-16 19:30:00,7.37109090909091
"761",2022-01-16 20:00:00,7.43827272727273
"762",2022-01-16 20:30:00,7.50215151515151
"763",2022-01-16 21:00:00,7.55730303030303
"764",2022-01-16 21:30:00,7.59851515151515
"765",2022-01-16 22:00:00,7.62175757575758
"766",2022-01-16 22:30:00,7.63293939393939
"767",2022-01-16 23:00:00,7.64178787878788
"768",2022-01-16 23:30:00,7.65372727272727
"769",2022-01-17 00:00:00,7.66218181818182
"770",2022-01-17 00:30:00,7.6619696969697
"771",2022-01-17 01:00:00,7.65542424242424
"772",2022-01-17 01:30:00,7.64066666666667
"773",2022-01-17 02:00:00,7.61660606060606
"774",2022-01-17 02:30:00,7.59909090909091
"775",2022-01-17 03:00:00,7.57857575757576
"776",2022-01-17 03:30:00,7.55866666666667
"777",2022-01-17 04:00:00,7.555
"778",2022-01-17 04:30:00,7.55987878787879
"779",2022-01-17 05:00:00,7.55251515151515
"780",2022-01-17 05:30:00,7.54278787878788
"781",2022-01-17 06:00:00,7.52948484848485
"782",2022-01-17 06:30:00,7.52048484848485
"783",2022-01-17 07:00:00,7.51224242424242
"784",2022-01-17 07:30:00,7.50106060606061
"785",2022-01-17 08:00:00,7.48878787878788
"786",2022-01-17 08:30:00,7.48242424242424
"787",2022-01-17 09:00:00,7.47227272727273
"788",2022-01-17 09:30:00,7.46093939393939
"789",2022-01-17 10:00:00,7.45115151515152
"790",2022-01-17 10:30:00,7.43978787878788
"791",2022-01-17 11:00:00,7.42636363636364
"792",2022-01-17 11:30:00,7.41642424242424
"793",2022-01-17 12:00:00,7.41293939393939
"794",2022-01-17 12:30:00,7.412
"795",2022-01-17 13:00:00,7.40809090909091
"796",2022-01-17 13:30:00,7.4199696969697
"797",2022-01-17 14:00:00,7.44060606060606
"798",2022-01-17 14:30:00,7.42648484848485
"799",2022-01-17 15:00:00,7.42209090909091
"800",2022-01-17 15:30:00,7.41790909090909
"801",2022-01-17 16:00:00,7.39854545454545
"802",2022-01-17 16:30:00,7.39169696969697
"803",2022-01-17 17:00:00,7.37760606060606
"804",2022-01-17 17:30:00,7.37484848484848
"805",2022-01-17 18:00:00,7.39915151515152
"806",2022-01-17 18:30:00,7.433
"807",2022-01-17 19:00:00,7.46336363636364
"808",2022-01-17 19:30:00,7.50360606060606
"809",2022-01-17 20:00:00,7.54618181818182
"810",2022-01-17 20:30:00,7.59393939393939
"811",2022-01-17 21:00:00,7.63721212121212
"812",2022-01-17 21:30:00,7.67354545454545
"813",2022-01-17 22:00:00,7.70881818181818
"814",2022-01-17 22:30:00,7.73684848484849
"815",2022-01-17 23:00:00,7.75354545454545
"816",2022-01-17 23:30:00,7.75709090909091
"817",2022-01-18 00:00:00,7.75945454545455
"818",2022-01-18 00:30:00,7.75209090909091
"819",2022-01-18 01:00:00,7.73724242424242
"820",2022-01-18 01:30:00,7.71336363636364
"821",2022-01-18 02:00:00,7.6880303030303
"822",2022-01-18 02:30:00,7.67369696969697
"823",2022-01-18 03:00:00,7.66348484848485
"824",2022-01-18 03:30:00,7.65166666666667
"825",2022-01-18 04:00:00,7.63324242424242
"826",2022-01-18 04:30:00,7.6199696969697
"827",2022-01-18 05:00:00,7.60372727272727
"828",2022-01-18 05:30:00,7.59909090909091
"829",2022-01-18 06:00:00,7.59212121212121
"830",2022-01-18 06:30:00,7.58781818181818
"831",2022-01-18 07:00:00,7.58460606060606
"832",2022-01-18 07:30:00,7.58051515151515
"833",2022-01-18 08:00:00,7.57987878787879
"834",2022-01-18 08:30:00,7.58475757575758
"835",2022-01-18 09:00:00,7.59166666666667
"836",2022-01-18 09:30:00,7.59266666666667
"837",2022-01-18 10:00:00,7.59230303030303
"838",2022-01-18 10:30:00,7.59493939393939
"839",2022-01-18 11:00:00,7.58090909090909
"840",2022-01-18 11:30:00,7.57957575757576
"841",2022-01-18 12:00:00,7.57927272727273
"842",2022-01-18 12:30:00,7.57839393939394
"843",2022-01-18 13:00:00,7.56748484848485
"844",2022-01-18 13:30:00,7.57227272727273
"845",2022-01-18 14:00:00,7.58590909090909
"846",2022-01-18 14:30:00,7.59869696969697
"847",2022-01-18 15:00:00,7.60166666666667
"848",2022-01-18 15:30:00,7.6280303030303
"849",2022-01-18 16:00:00,7.642
"850",2022-01-18 16:30:00,7.63818181818182
"851",2022-01-18 17:00:00,7.63809090909091
"852",2022-01-18 17:30:00,7.63881818181818
"853",2022-01-18 18:00:00,7.61963636363636
"854",2022-01-18 18:30:00,7.63378787878788
"855",2022-01-18 19:00:00,7.63484848484848
"856",2022-01-18 19:30:00,7.63366666666667
"857",2022-01-18 20:00:00,7.65066666666667
"858",2022-01-18 20:30:00,7.67681818181818
"859",2022-01-18 21:00:00,7.71336363636364
"860",2022-01-18 21:30:00,7.72227272727273
"861",2022-01-18 22:00:00,7.72548484848485
"862",2022-01-18 22:30:00,7.73293939393939
"863",2022-01-18 23:00:00,7.7539696969697
"864",2022-01-18 23:30:00,7.76536363636364
"865",2022-01-19 00:00:00,7.77445454545455
"866",2022-01-19 00:30:00,7.78115151515151
"867",2022-01-19 01:00:00,7.79275757575758
"868",2022-01-19 01:30:00,7.82233333333333
"869",2022-01-19 02:00:00,7.83775757575758
"870",2022-01-19 02:30:00,7.84166666666667
"871",2022-01-19 03:00:00,7.84257575757576
"872",2022-01-19 03:30:00,7.83542424242424
"873",2022-01-19 04:00:00,7.83909090909091
"874",2022-01-19 04:30:00,7.83715151515151
"875",2022-01-19 05:00:00,7.84424242424242
"876",2022-01-19 05:30:00,7.85563636363636
"877",2022-01-19 06:00:00,7.86266666666667
"878",2022-01-19 06:30:00,7.86309090909091
"879",2022-01-19 07:00:00,7.86372727272727
"880",2022-01-19 07:30:00,7.85987878787879
"881",2022-01-19 08:00:00,7.88021212121212
"882",2022-01-19 08:30:00,7.8799696969697
"883",2022-01-19 09:00:00,7.87712121212121
"884",2022-01-19 09:30:00,7.86921212121212
"885",2022-01-19 10:00:00,7.87281818181818
"886",2022-01-19 10:30:00,7.87278787878788
"887",2022-01-19 11:00:00,7.87854545454545
"888",2022-01-19 11:30:00,7.88084848484849
"889",2022-01-19 12:00:00,7.8699696969697
"890",2022-01-19 12:30:00,7.88630303030303
"891",2022-01-19 13:00:00,7.89466666666667
"892",2022-01-19 13:30:00,7.89978787878788
"893",2022-01-19 14:00:00,7.90660606060606
"894",2022-01-19 14:30:00,7.91769696969697
"895",2022-01-19 15:00:00,7.92745454545455
"896",2022-01-19 15:30:00,7.94830303030303
"897",2022-01-19 16:00:00,7.95033333333333
"898",2022-01-19 16:30:00,7.96942424242424
"899",2022-01-19 17:00:00,7.97945454545455
"900",2022-01-19 17:30:00,7.99754545454545
"901",2022-01-19 18:00:00,8.00860606060606
"902",2022-01-19 18:30:00,8.02845454545455
"903",2022-01-19 19:00:00,8.04715151515152
"904",2022-01-19 19:30:00,8.07078787878788
"905",2022-01-19 20:00:00,8.104
"906",2022-01-19 20:30:00,8.13766666666667
"907",2022-01-19 21:00:00,8.185
"908",2022-01-19 21:30:00,8.23193939393939
"909",2022-01-19 22:00:00,8.27878787878788
"910",2022-01-19 22:30:00,8.30678787878788
"911",2022-01-19 23:00:00,8.3409696969697
"912",2022-01-19 23:30:00,8.37409090909091
"913",2022-01-20 00:00:00,8.40063636363636
"914",2022-01-20 00:30:00,8.42033333333333
"915",2022-01-20 01:00:00,8.42621212121212
"916",2022-01-20 01:30:00,8.4439696969697
"917",2022-01-20 02:00:00,8.46921212121212
"918",2022-01-20 02:30:00,8.47887878787879
"919",2022-01-20 03:00:00,8.5030303030303
"920",2022-01-20 03:30:00,8.52521212121212
"921",2022-01-20 04:00:00,8.54551515151515
"922",2022-01-20 04:30:00,8.59621212121212
"923",2022-01-20 05:00:00,8.78018181818182
"924",2022-01-20 05:30:00,9.05751515151515
"925",2022-01-20 06:00:00,9.29157575757576
"926",2022-01-20 06:30:00,9.35727272727273
"927",2022-01-20 07:00:00,9.44833333333333
"928",2022-01-20 07:30:00,8.815375
"929",2022-01-20 08:00:00,8.8510625
"930",2022-01-20 08:30:00,8.93725
"931",2022-01-20 09:00:00,8.11367741935484
"932",2022-01-20 09:30:00,8.14670967741936
"933",2022-01-20 10:00:00,7.2539
"934",2022-01-20 10:30:00,7.28143333333333
"935",2022-01-20 11:00:00,7.3168
"936",2022-01-20 11:30:00,7.33876666666667
"937",2022-01-20 12:00:00,7.3783
"938",2022-01-20 12:30:00,7.41036666666667
"939",2022-01-20 13:00:00,7.44726666666667
"940",2022-01-20 13:30:00,7.47263333333333
"941",2022-01-20 14:00:00,7.47376666666667
"942",2022-01-20 14:30:00,7.4636
"943",2022-01-20 15:00:00,7.4734
"944",2022-01-20 15:30:00,7.48043333333333
"945",2022-01-20 16:00:00,7.48583333333333
"946",2022-01-20 16:30:00,7.4903
"947",2022-01-20 17:00:00,8.42754838709677
"948",2022-01-20 17:30:00,8.45422580645161
"949",2022-01-20 18:00:00,8.4628064516129
"950",2022-01-20 18:30:00,8.45948387096774
"951",2022-01-20 19:00:00,8.46687096774194
"952",2022-01-20 19:30:00,8.47177419354839
"953",2022-01-20 20:00:00,8.48425806451613
"954",2022-01-20 20:30:00,8.49396774193548
"955",2022-01-20 21:00:00,8.50903225806452
"956",2022-01-20 21:30:00,8.52103225806452
"957",2022-01-20 22:00:00,8.531
"958",2022-01-20 22:30:00,8.53425806451613
"959",2022-01-20 23:00:00,8.53838709677419
"960",2022-01-20 23:30:00,8.5311935483871
"961",2022-01-21 00:00:00,8.51067741935484
"962",2022-01-21 00:30:00,8.4768064516129
"963",2022-01-21 01:00:00,8.46967741935484
"964",2022-01-21 01:30:00,8.43029032258065
"965",2022-01-21 02:00:00,8.39822580645161
"966",2022-01-21 02:30:00,8.38090322580645
"967",2022-01-21 03:00:00,7.41696666666667
"968",2022-01-21 03:30:00,7.40123333333333
"969",2022-01-21 04:00:00,7.37096666666667
"970",2022-01-21 04:30:00,7.33736666666667
"971",2022-01-21 05:00:00,7.3108
"972",2022-01-21 05:30:00,7.2899
"973",2022-01-21 06:00:00,7.28366666666667
"974",2022-01-21 06:30:00,7.26746666666667
"975",2022-01-21 07:00:00,7.25753333333333
"976",2022-01-21 07:30:00,7.24433333333333
"977",2022-01-21 08:00:00,7.23566666666667
"978",2022-01-21 08:30:00,7.22376666666667
"979",2022-01-21 09:00:00,7.20893333333333
"980",2022-01-21 09:30:00,7.20143333333333
"981",2022-01-21 10:00:00,7.18866666666667
"982",2022-01-21 10:30:00,7.17863333333333
"983",2022-01-21 11:00:00,7.1644
"984",2022-01-21 11:30:00,7.15303333333333
"985",2022-01-21 12:00:00,7.1431
"986",2022-01-21 12:30:00,7.13213333333333
"987",2022-01-21 13:00:00,7.1122
"988",2022-01-21 13:30:00,7.0832
"989",2022-01-21 14:00:00,7.04833333333333
"990",2022-01-21 14:30:00,7.01353333333333
"991",2022-01-21 15:00:00,6.98093333333333
"992",2022-01-21 15:30:00,6.95913333333333
"993",2022-01-21 16:00:00,6.9288
"994",2022-01-21 16:30:00,6.8889
"995",2022-01-21 17:00:00,7.79816129032258
"996",2022-01-21 17:30:00,7.79
"997",2022-01-21 18:00:00,7.79
"998",2022-01-21 18:30:00,7.801
"999",2022-01-21 19:00:00,7.81061290322581
"1000",2022-01-21 19:30:00,7.8301935483871
"1001",2022-01-21 20:00:00,7.84564516129032
"1002",2022-01-21 20:30:00,8.75228125
"1003",2022-01-21 21:00:00,8.778375
"1004",2022-01-21 21:30:00,8.78965625
"1005",2022-01-21 22:00:00,8.80290625
"1006",2022-01-21 22:30:00,8.814
"1007",2022-01-21 23:00:00,8.8201875
"1008",2022-01-21 23:30:00,8.82746875
"1009",2022-01-22 00:00:00,7.9501935483871
"1010",2022-01-22 00:30:00,7.95
"1011",2022-01-22 01:00:00,7.95145161290323
"1012",2022-01-22 01:30:00,7.9438064516129
"1013",2022-01-22 02:00:00,7.93370967741935
"1014",2022-01-22 02:30:00,7.92287096774194
"1015",2022-01-22 03:00:00,7.90845161290323
"1016",2022-01-22 03:30:00,7.93903225806452
"1017",2022-01-22 04:00:00,7.94067741935484
"1018",2022-01-22 04:30:00,7.92358064516129
"1019",2022-01-22 05:00:00,7.91264516129032
"1020",2022-01-22 05:30:00,7.88722580645161
"1021",2022-01-22 06:00:00,7.87248387096774
"1022",2022-01-22 06:30:00,7.84348387096774
"1023",2022-01-22 07:00:00,7.81751612903226
"1024",2022-01-22 07:30:00,7.80374193548387
"1025",2022-01-22 08:00:00,7.79016129032258
"1026",2022-01-22 08:30:00,7.76990322580645
"1027",2022-01-22 09:00:00,7.73535483870968
"1028",2022-01-22 09:30:00,7.70012903225806
"1029",2022-01-22 10:00:00,7.67622580645161
"1030",2022-01-22 10:30:00,7.65138709677419
"1031",2022-01-22 11:00:00,7.55977419354839
"1032",2022-01-22 11:30:00,7.56664516129032
"1033",2022-01-22 12:00:00,7.53912903225806
"1034",2022-01-22 12:30:00,7.52058064516129
"1035",2022-01-22 13:00:00,7.5021935483871
"1036",2022-01-22 13:30:00,7.50232258064516
"1037",2022-01-22 14:00:00,7.48216129032258
"1038",2022-01-22 14:30:00,7.462
"1039",2022-01-22 15:00:00,7.4811935483871
"1040",2022-01-22 15:30:00,7.45738709677419
"1041",2022-01-22 16:00:00,7.41951612903226
"1042",2022-01-22 16:30:00,7.38541935483871
"1043",2022-01-22 17:00:00,7.3821935483871
"1044",2022-01-22 17:30:00,7.37687096774194
"1045",2022-01-22 18:00:00,7.38109677419355
"1046",2022-01-22 18:30:00,7.39109677419355
"1047",2022-01-22 19:00:00,7.41467741935484
"1048",2022-01-22 19:30:00,7.43209677419355
"1049",2022-01-22 20:00:00,7.44896774193548
"1050",2022-01-22 20:30:00,7.48477419354839
"1051",2022-01-22 21:00:00,7.51022580645161
"1052",2022-01-22 21:30:00,7.57135483870968
"1053",2022-01-22 22:00:00,7.65264516129032
"1054",2022-01-22 22:30:00,7.67635483870968
"1055",2022-01-22 23:00:00,7.73009677419355
"1056",2022-01-22 23:30:00,7.72767741935484
"1057",2022-01-23 00:00:00,7.73861290322581
"1058",2022-01-23 00:30:00,7.7368064516129
"1059",2022-01-23 01:00:00,7.73174193548387
"1060",2022-01-23 01:30:00,7.70264516129032
"1061",2022-01-23 02:00:00,7.67287096774194
"1062",2022-01-23 02:30:00,7.63722580645161
"1063",2022-01-23 03:00:00,7.59483870967742
"1064",2022-01-23 03:30:00,7.55638709677419
"1065",2022-01-23 04:00:00,7.52251612903226
"1066",2022-01-23 04:30:00,7.49038709677419
"1067",2022-01-23 05:00:00,7.45396774193548
"1068",2022-01-23 05:30:00,7.42303225806452
"1069",2022-01-23 06:00:00,7.39783870967742
"1070",2022-01-23 06:30:00,7.37829032258065
"1071",2022-01-23 07:00:00,7.35945161290323
"1072",2022-01-23 07:30:00,7.33716129032258
"1073",2022-01-23 08:00:00,7.30996774193548
"1074",2022-01-23 08:30:00,7.29029032258065
"1075",2022-01-23 09:00:00,7.27232258064516
"1076",2022-01-23 09:30:00,7.25983870967742
"1077",2022-01-23 10:00:00,7.26290322580645
"1078",2022-01-23 10:30:00,7.24258064516129
"1079",2022-01-23 11:00:00,7.22190322580645
"1080",2022-01-23 11:30:00,7.20567741935484
"1081",2022-01-23 12:00:00,7.18651612903226
"1082",2022-01-23 12:30:00,7.16412903225806
"1083",2022-01-23 13:00:00,7.16416129032258
"1084",2022-01-23 13:30:00,7.16522580645161
"1085",2022-01-23 14:00:00,7.13229032258065
"1086",2022-01-23 14:30:00,7.11316129032258
"1087",2022-01-23 15:00:00,7.10754838709677
"1088",2022-01-23 15:30:00,7.09167741935484
"1089",2022-01-23 16:00:00,7.07803225806452
"1090",2022-01-23 16:30:00,7.05758064516129
"1091",2022-01-23 17:00:00,7.04003225806452
"1092",2022-01-23 17:30:00,7.04174193548387
"1093",2022-01-23 18:00:00,7.05241935483871
"1094",2022-01-23 18:30:00,7.07970967741935
"1095",2022-01-23 19:00:00,7.12658064516129
"1096",2022-01-23 19:30:00,7.17638709677419
"1097",2022-01-23 20:00:00,7.23474193548387
"1098",2022-01-23 20:30:00,7.31141935483871
"1099",2022-01-23 21:00:00,7.38861290322581
"1100",2022-01-23 21:30:00,7.46303225806452
"1101",2022-01-23 22:00:00,7.51625806451613
"1102",2022-01-23 22:30:00,7.55054838709677
"1103",2022-01-23 23:00:00,7.5838064516129
"1104",2022-01-23 23:30:00,7.61564516129032
"1105",2022-01-24 00:00:00,7.64896774193548
"1106",2022-01-24 00:30:00,7.63548387096774
"1107",2022-01-24 01:00:00,7.62267741935484
"1108",2022-01-24 01:30:00,7.61161290322581
"1109",2022-01-24 02:00:00,7.57138709677419
"1110",2022-01-24 02:30:00,7.52558064516129
"1111",2022-01-24 03:00:00,8.36853125
"1112",2022-01-24 03:30:00,8.30225
"1113",2022-01-24 04:00:00,8.1836875
"1114",2022-01-24 04:30:00,8.05584375
"1115",2022-01-24 05:00:00,7.9315625
"1116",2022-01-24 05:30:00,7.82475
"1117",2022-01-24 06:00:00,7.7161875
"1118",2022-01-24 06:30:00,7.65271875
"1119",2022-01-24 07:00:00,7.6129375
"1120",2022-01-24 07:30:00,7.582625
"1121",2022-01-24 08:00:00,7.526875
"1122",2022-01-24 08:30:00,7.47325
"1123",2022-01-24 09:00:00,7.422
"1124",2022-01-24 09:30:00,7.38765625
"1125",2022-01-24 10:00:00,7.37034375
"1126",2022-01-24 10:30:00,7.33059375
"1127",2022-01-24 11:00:00,7.307375
"1128",2022-01-24 11:30:00,7.287125
"1129",2022-01-24 12:00:00,7.2471875
"1130",2022-01-24 12:30:00,7.2479375
"1131",2022-01-24 13:00:00,7.19128125
"1132",2022-01-24 13:30:00,7.145875
"1133",2022-01-24 14:00:00,7.135375
"1134",2022-01-24 14:30:00,7.1158125
"1135",2022-01-24 15:00:00,7.09875
"1136",2022-01-24 15:30:00,7.0708125
"1137",2022-01-24 16:00:00,7.03096875
"1138",2022-01-24 16:30:00,7.01340625
"1139",2022-01-24 17:00:00,7.00071875
"1140",2022-01-24 17:30:00,6.993125
"1141",2022-01-24 18:00:00,7.0135
"1142",2022-01-24 18:30:00,7.028
"1143",2022-01-24 19:00:00,7.031375
"1144",2022-01-24 19:30:00,7.05628125
"1145",2022-01-24 20:00:00,7.0991875
"1146",2022-01-24 20:30:00,7.12809375
"1147",2022-01-24 21:00:00,7.18775
"1148",2022-01-24 21:30:00,7.25690625
"1149",2022-01-24 22:00:00,7.31628125
"1150",2022-01-24 22:30:00,7.37128125
"1151",2022-01-24 23:00:00,7.4143125
"1152",2022-01-24 23:30:00,7.455125
"1153",2022-01-25 00:00:00,7.5428125
"1154",2022-01-25 00:30:00,7.5790625
"1155",2022-01-25 01:00:00,7.568125
"1156",2022-01-25 01:30:00,7.53009375
"1157",2022-01-25 02:00:00,7.46109375
"1158",2022-01-25 02:30:00,7.45225
"1159",2022-01-25 03:00:00,7.41165625
"1160",2022-01-25 03:30:00,7.36359375
"1161",2022-01-25 04:00:00,7.313375
"1162",2022-01-25 04:30:00,7.26840625
"1163",2022-01-25 05:00:00,7.22546875
"1164",2022-01-25 05:30:00,7.18334375
"1165",2022-01-25 06:00:00,7.1765625
"1166",2022-01-25 06:30:00,7.16503125
"1167",2022-01-25 07:00:00,7.16546875
"1168",2022-01-25 07:30:00,7.1675
"1169",2022-01-25 08:00:00,7.177625
"1170",2022-01-25 08:30:00,7.15334375
"1171",2022-01-25 09:00:00,7.14215625
"1172",2022-01-25 09:30:00,7.1193125
"1173",2022-01-25 10:00:00,7.11946875
"1174",2022-01-25 10:30:00,7.10790625
"1175",2022-01-25 11:00:00,7.1031875
"1176",2022-01-25 11:30:00,7.09009375
"1177",2022-01-25 12:00:00,7.0498125
"1178",2022-01-25 12:30:00,7.023125
"1179",2022-01-25 13:00:00,7.01309375
"1180",2022-01-25 13:30:00,7.002
"1181",2022-01-25 14:00:00,6.9854375
"1182",2022-01-25 14:30:00,6.9618125
"1183",2022-01-25 15:00:00,6.94246875
"1184",2022-01-25 15:30:00,6.91896875
"1185",2022-01-25 16:00:00,6.8995625
"1186",2022-01-25 16:30:00,6.8874375
"1187",2022-01-25 17:00:00,6.89003125
"1188",2022-01-25 17:30:00,6.9246875
"1189",2022-01-25 18:00:00,6.943125
"1190",2022-01-25 18:30:00,6.98115625
"1191",2022-01-25 19:00:00,7.0375
"1192",2022-01-25 19:30:00,7.10715625
"1193",2022-01-25 20:00:00,7.1910625
"1194",2022-01-25 20:30:00,7.28671875
"1195",2022-01-25 21:00:00,7.370125
"1196",2022-01-25 21:30:00,7.44184375
"1197",2022-01-25 22:00:00,7.50578125
"1198",2022-01-25 22:30:00,7.5534375
"1199",2022-01-25 23:00:00,7.58721875
"1200",2022-01-25 23:30:00,7.61796875
"1201",2022-01-26 00:00:00,7.63171875
"1202",2022-01-26 00:30:00,7.62028125
"1203",2022-01-26 01:00:00,7.57984375
"1204",2022-01-26 01:30:00,7.5379375
"1205",2022-01-26 02:00:00,7.4754375
"1206",2022-01-26 02:30:00,7.40390625
"1207",2022-01-26 03:00:00,7.3363125
"1208",2022-01-26 03:30:00,7.26965625
"1209",2022-01-26 04:00:00,7.21834375
"1210",2022-01-26 04:30:00,7.16978125
"1211",2022-01-26 05:00:00,7.12565625
"1212",2022-01-26 05:30:00,7.0965
"1213",2022-01-26 06:00:00,7.06334375
"1214",2022-01-26 06:30:00,7.03021875
"1215",2022-01-26 07:00:00,6.9900625
"1216",2022-01-26 07:30:00,6.958875
"1217",2022-01-26 08:00:00,6.9495
"1218",2022-01-26 08:30:00,6.92878125
"1219",2022-01-26 09:00:00,6.90615625
"1220",2022-01-26 09:30:00,6.88453125
"1221",2022-01-26 10:00:00,6.86190625
"1222",2022-01-26 10:30:00,6.84271875
"1223",2022-01-26 11:00:00,6.8200625
"1224",2022-01-26 11:30:00,6.8016875
"1225",2022-01-26 12:00:00,6.77878125
"1226",2022-01-26 12:30:00,6.774625
"1227",2022-01-26 13:00:00,6.748875
"1228",2022-01-26 13:30:00,6.72209375
"1229",2022-01-26 14:00:00,6.69303125
"1230",2022-01-26 14:30:00,6.6443125
"1231",2022-01-26 15:00:00,6.68809375
"1232",2022-01-26 15:30:00,6.6954375
"1233",2022-01-26 16:00:00,6.6865
"1234",2022-01-26 16:30:00,6.6801875
"1235",2022-01-26 17:00:00,6.6905
"1236",2022-01-26 17:30:00,5.74306451612903
"1237",2022-01-26 18:00:00,5.74532258064516
"1238",2022-01-26 18:30:00,5.74877419354839
"1239",2022-01-26 19:00:00,5.76445161290323
"1240",2022-01-26 19:30:00,5.7798064516129
"1241",2022-01-26 20:00:00,5.8128064516129
"1242",2022-01-26 20:30:00,5.86503225806452
"1243",2022-01-26 21:00:00,5.92383870967742
"1244",2022-01-26 21:30:00,5.99758064516129
"1245",2022-01-26 22:00:00,6.05909677419355
"1246",2022-01-26 22:30:00,6.1308064516129
"1247",2022-01-26 23:00:00,6.18645161290323
"1248",2022-01-26 23:30:00,6.22009677419355
"1249",2022-01-27 00:00:00,6.23577419354839
"1250",2022-01-27 00:30:00,6.23474193548387
"1251",2022-01-27 01:00:00,6.2201935483871
"1252",2022-01-27 01:30:00,6.19606451612903
"1253",2022-01-27 02:00:00,6.16267741935484
"1254",2022-01-27 02:30:00,6.11861290322581
"1255",2022-01-27 03:00:00,6.06967741935484
"1256",2022-01-27 03:30:00,6.02225806451613
"1257",2022-01-27 04:00:00,5.98164516129032
"1258",2022-01-27 04:30:00,5.9498064516129
"1259",2022-01-27 05:00:00,5.9291935483871
"1260",2022-01-27 05:30:00,5.90190322580645
"1261",2022-01-27 06:00:00,5.87703225806452
"1262",2022-01-27 06:30:00,5.86064516129032
"1263",2022-01-27 07:00:00,5.84603225806452
"1264",2022-01-27 07:30:00,5.82829032258064
"1265",2022-01-27 08:00:00,5.80967741935484
"1266",2022-01-27 08:30:00,5.79270967741935
"1267",2022-01-27 09:00:00,5.77209677419355
"1268",2022-01-27 09:30:00,5.76258064516129
"1269",2022-01-27 10:00:00,5.75716129032258
"1270",2022-01-27 10:30:00,5.74570967741936
"1271",2022-01-27 11:00:00,5.73177419354839
"1272",2022-01-27 11:30:00,5.71983870967742
"1273",2022-01-27 12:00:00,5.71145161290323
"1274",2022-01-27 12:30:00,5.70206451612903
"1275",2022-01-27 13:00:00,5.69793548387097
"1276",2022-01-27 13:30:00,5.70245161290323
"1277",2022-01-27 14:00:00,5.69632258064516
"1278",2022-01-27 14:30:00,5.68296774193548
"1279",2022-01-27 15:00:00,5.67225806451613
"1280",2022-01-27 15:30:00,6.60821875
"1281",2022-01-27 16:00:00,6.59028125
"1282",2022-01-27 16:30:00,6.577125
"1283",2022-01-27 17:00:00,6.56625
"1284",2022-01-27 17:30:00,6.5435
"1285",2022-01-27 18:00:00,6.53709375
"1286",2022-01-27 18:30:00,6.551125
"1287",2022-01-27 19:00:00,6.57775
"1288",2022-01-27 19:30:00,6.59140625
"1289",2022-01-27 20:00:00,6.63978125
"1290",2022-01-27 20:30:00,6.693875
"1291",2022-01-27 21:00:00,6.7575
"1292",2022-01-27 21:30:00,6.807875
"1293",2022-01-27 22:00:00,6.848875
"1294",2022-01-27 22:30:00,6.86671875
"1295",2022-01-27 23:00:00,6.8838125
"1296",2022-01-27 23:30:00,6.89034375
"1297",2022-01-28 00:00:00,6.8855625
"1298",2022-01-28 00:30:00,6.88384375
"1299",2022-01-28 01:00:00,6.8590625
"1300",2022-01-28 01:30:00,6.8240625
"1301",2022-01-28 02:00:00,6.77646875
"1302",2022-01-28 02:30:00,6.7266875
"1303",2022-01-28 03:00:00,6.68446875
"1304",2022-01-28 03:30:00,6.6505625
"1305",2022-01-28 04:00:00,6.61959375
"1306",2022-01-28 04:30:00,6.59015625
"1307",2022-01-28 05:00:00,6.55496875
"1308",2022-01-28 05:30:00,6.54125
"1309",2022-01-28 06:00:00,6.5310625
"1310",2022-01-28 06:30:00,6.513125
"1311",2022-01-28 07:00:00,6.48840625
"1312",2022-01-28 07:30:00,6.47253125
"1313",2022-01-28 08:00:00,6.45653125
"1314",2022-01-28 08:30:00,6.44034375
"1315",2022-01-28 09:00:00,6.426125
"1316",2022-01-28 09:30:00,6.4103125
"1317",2022-01-28 10:00:00,6.3969375
"1318",2022-01-28 10:30:00,6.38528125
"1319",2022-01-28 11:00:00,6.3709375
"1320",2022-01-28 11:30:00,6.36178125
"1321",2022-01-28 12:00:00,6.35165625
"1322",2022-01-28 12:30:00,6.33796875
"1323",2022-01-28 13:00:00,6.3266875
"1324",2022-01-28 13:30:00,6.314
"1325",2022-01-28 14:00:00,6.3023125
"1326",2022-01-28 14:30:00,6.28421875
"1327",2022-01-28 15:00:00,6.27515625
"1328",2022-01-28 15:30:00,6.2684375
"1329",2022-01-28 16:00:00,6.26215625
"1330",2022-01-28 16:30:00,6.256875
"1331",2022-01-28 17:00:00,6.2563125
"1332",2022-01-28 17:30:00,6.26378125
"1333",2022-01-28 18:00:00,6.2719375
"1334",2022-01-28 18:30:00,6.2904375
"1335",2022-01-28 19:00:00,6.3065
"1336",2022-01-28 19:30:00,6.327375
"1337",2022-01-28 20:00:00,6.3581875
"1338",2022-01-28 20:30:00,6.40184375
"1339",2022-01-28 21:00:00,6.45125
"1340",2022-01-28 21:30:00,6.4975625
"1341",2022-01-28 22:00:00,6.5395625
"1342",2022-01-28 22:30:00,6.5946875
"1343",2022-01-28 23:00:00,6.646
"1344",2022-01-28 23:30:00,6.67665625
"1345",2022-01-29 00:00:00,6.71015625
"1346",2022-01-29 00:30:00,6.72609375
"1347",2022-01-29 01:00:00,6.71640625
"1348",2022-01-29 01:30:00,6.68834375
"1349",2022-01-29 02:00:00,6.653875
"1350",2022-01-29 02:30:00,6.6125625
"1351",2022-01-29 03:00:00,6.5750625
"1352",2022-01-29 03:30:00,6.534125
"1353",2022-01-29 04:00:00,6.494625
"1354",2022-01-29 04:30:00,6.4714375
"1355",2022-01-29 05:00:00,6.4465
"1356",2022-01-29 05:30:00,6.4255
"1357",2022-01-29 06:00:00,6.40965625
"1358",2022-01-29 06:30:00,6.39628125
"1359",2022-01-29 07:00:00,6.38346875
"1360",2022-01-29 07:30:00,6.3691875
"1361",2022-01-29 08:00:00,6.36171875
"1362",2022-01-29 08:30:00,6.344
"1363",2022-01-29 09:00:00,6.32675
"1364",2022-01-29 09:30:00,6.31278125
"1365",2022-01-29 10:00:00,6.301
"1366",2022-01-29 10:30:00,6.2845
"1367",2022-01-29 11:00:00,6.26253125
"1368",2022-01-29 11:30:00,6.2498125
"1369",2022-01-29 12:00:00,6.23840625
"1370",2022-01-29 12:30:00,6.2181875
"1371",2022-01-29 13:00:00,6.2100625
"1372",2022-01-29 13:30:00,6.19190625
"1373",2022-01-29 14:00:00,6.1800625
"1374",2022-01-29 14:30:00,6.17853125
"1375",2022-01-29 15:00:00,6.17103125
"1376",2022-01-29 15:30:00,6.16790625
"1377",2022-01-29 16:00:00,6.17040625
"1378",2022-01-29 16:30:00,6.17425
"1379",2022-01-29 17:00:00,6.17834375
"1380",2022-01-29 17:30:00,6.19034375
"1381",2022-01-29 18:00:00,6.19578125
"1382",2022-01-29 18:30:00,6.18784375
"1383",2022-01-29 19:00:00,6.19953125
"1384",2022-01-29 19:30:00,6.20946875
"1385",2022-01-29 20:00:00,6.25696875
"1386",2022-01-29 20:30:00,6.33440625
"1387",2022-01-29 21:00:00,6.406
"1388",2022-01-29 21:30:00,6.4635625
"1389",2022-01-29 22:00:00,6.52840625
"1390",2022-01-29 22:30:00,6.600125
"1391",2022-01-29 23:00:00,6.6695
"1392",2022-01-29 23:30:00,6.71334375
"1393",2022-01-30 00:00:00,6.74646875
"1394",2022-01-30 00:30:00,6.7645
"1395",2022-01-30 01:00:00,6.76846875
"1396",2022-01-30 01:30:00,6.7570625
"1397",2022-01-30 02:00:00,6.72628125
"1398",2022-01-30 02:30:00,6.6846875
"1399",2022-01-30 03:00:00,6.65
"1400",2022-01-30 03:30:00,6.608875
"1401",2022-01-30 04:00:00,6.5784375
"1402",2022-01-30 04:30:00,6.53984375
"1403",2022-01-30 05:00:00,6.501375
"1404",2022-01-30 05:30:00,6.474
"1405",2022-01-30 06:00:00,6.44271875
"1406",2022-01-30 06:30:00,6.41984375
"1407",2022-01-30 07:00:00,6.39496875
"1408",2022-01-30 07:30:00,6.39346875
"1409",2022-01-30 08:00:00,6.37978125
"1410",2022-01-30 08:30:00,6.363
"1411",2022-01-30 09:00:00,6.364125
"1412",2022-01-30 09:30:00,6.37096875
"1413",2022-01-30 10:00:00,6.377625
"1414",2022-01-30 10:30:00,6.35153125
"1415",2022-01-30 11:00:00,6.37184375
"1416",2022-01-30 11:30:00,6.36928125
"1417",2022-01-30 12:00:00,6.36425
"1418",2022-01-30 12:30:00,6.3658125
"1419",2022-01-30 13:00:00,6.36640625
"1420",2022-01-30 13:30:00,6.3285
"1421",2022-01-30 14:00:00,6.39525
"1422",2022-01-30 14:30:00,6.40675
"1423",2022-01-30 15:00:00,6.39675
"1424",2022-01-30 15:30:00,6.3995625
"1425",2022-01-30 16:00:00,6.4005
"1426",2022-01-30 16:30:00,6.42890625
"1427",2022-01-30 17:00:00,6.46778125
"1428",2022-01-30 17:30:00,6.50759375
"1429",2022-01-30 18:00:00,6.55959375
"1430",2022-01-30 18:30:00,6.614625
"1431",2022-01-30 19:00:00,6.66953125
"1432",2022-01-30 19:30:00,6.720625
"1433",2022-01-30 20:00:00,6.774875
"1434",2022-01-30 20:30:00,6.83878125
"1435",2022-01-30 21:00:00,6.876375
"1436",2022-01-30 21:30:00,6.89734375
"1437",2022-01-30 22:00:00,6.92828125
"1438",2022-01-30 22:30:00,6.93834375
"1439",2022-01-30 23:00:00,6.97434375
"1440",2022-01-30 23:30:00,6.9961875
"1441",2022-01-31 00:00:00,7.00265625
"1442",2022-01-31 00:30:00,7.01684375
"1443",2022-01-31 01:00:00,7.01259375
"1444",2022-01-31 01:30:00,7.01653125
"1445",2022-01-31 02:00:00,7.03815625
"1446",2022-01-31 02:30:00,7.073625
"1447",2022-01-31 03:00:00,7.06859375
"1448",2022-01-31 03:30:00,7.0461875
"1449",2022-01-31 04:00:00,7.0228125
"1450",2022-01-31 04:30:00,7.004375
"1451",2022-01-31 05:00:00,6.9823125
"1452",2022-01-31 05:30:00,6.9493125
"1453",2022-01-31 06:00:00,6.929
"1454",2022-01-31 06:30:00,6.92128125
"1455",2022-01-31 07:00:00,6.8499375
"1456",2022-01-31 07:30:00,6.8236875
"1457",2022-01-31 08:00:00,6.8034375
"1458",2022-01-31 08:30:00,6.78496875
"1459",2022-01-31 09:00:00,6.75425
"1460",2022-01-31 09:30:00,6.7410625
"1461",2022-01-31 10:00:00,6.72515625
"1462",2022-01-31 10:30:00,6.7174375
"1463",2022-01-31 11:00:00,6.708375
"1464",2022-01-31 11:30:00,6.69853125
"1465",2022-01-31 12:00:00,6.68321875
"1466",2022-01-31 12:30:00,6.6578125
"1467",2022-01-31 13:00:00,6.640875
"1468",2022-01-31 13:30:00,6.6314375
"1469",2022-01-31 14:00:00,6.62946875
"1470",2022-01-31 14:30:00,6.6275625
"1471",2022-01-31 15:00:00,6.615125
"1472",2022-01-31 15:30:00,6.6015625
"1473",2022-01-31 16:00:00,6.58415625
"1474",2022-01-31 16:30:00,6.5870625
"1475",2022-01-31 17:00:00,6.601125
"1476",2022-01-31 17:30:00,6.57825
"1477",2022-01-31 18:00:00,6.5755625
"1478",2022-01-31 18:30:00,6.59178125
"1479",2022-01-31 19:00:00,6.61584375
"1480",2022-01-31 19:30:00,6.6408125
"1481",2022-01-31 20:00:00,6.660625
"1482",2022-01-31 20:30:00,6.6725
"1483",2022-01-31 21:00:00,6.693
"1484",2022-01-31 21:30:00,6.6935625
"1485",2022-01-31 22:00:00,6.72221875
"1486",2022-01-31 22:30:00,6.7449375
"1487",2022-01-31 23:00:00,6.75446875
"1488",2022-01-31 23:30:00,6.760125
